,acc,tpr,fpr
multi-views-expr-5-fold-1,85.98130841121495,71.73913043478261,3.278688524590164
multi-views-expr-5-fold-2,86.48648648648648,83.6734693877551,11.290322580645162
multi-views-expr-5-fold-3,86.40776699029126,78.26086956521739,7.017543859649122
multi-views-expr-5-fold-4,86.0,81.13207547169812,8.51063829787234
multi-views-expr-5-fold-5,88.04347826086956,75.67567567567568,3.6363636363636362
mean,86.58380802977246,78.09624410702578,6.7467113798240845
