,acc,tpr,fpr
multi-views-fusion-v1-fold-1,89.7196261682243,91.30434782608695,11.475409836065573
multi-views-fusion-v1-fold-2,88.28828828828829,87.75510204081633,11.290322580645162
multi-views-fusion-v1-fold-3,88.3495145631068,86.95652173913044,10.526315789473685
multi-views-fusion-v1-fold-4,89.0,92.45283018867924,14.893617021276595
multi-views-fusion-v1-fold-5,90.21739130434783,86.48648648648648,7.2727272727272725
mean,89.11496406479344,88.99105765623987,11.091678500037657
