,acc,tpr,fpr
multi-views-v4-fold-1,88.78504672897196,80.43478260869566,4.918032786885246
multi-views-v4-fold-2,86.48648648648648,85.71428571428571,12.903225806451612
multi-views-v4-fold-3,89.32038834951456,86.95652173913044,8.771929824561404
multi-views-v4-fold-4,89.0,88.67924528301887,10.638297872340425
multi-views-v4-fold-5,90.21739130434783,94.5945945945946,12.727272727272727
mean,88.76186257386416,87.27588598794505,9.991751803502282
