,acc,tpr,fpr
multi-views-expr-1-fold-1,86.91588785046729,76.08695652173913,4.918032786885246
multi-views-expr-1-fold-2,84.68468468468468,71.42857142857143,4.838709677419355
multi-views-expr-1-fold-3,85.4368932038835,78.26086956521739,8.771929824561404
multi-views-expr-1-fold-4,90.0,86.79245283018868,6.382978723404255
multi-views-expr-1-fold-5,89.1304347826087,78.37837837837837,3.6363636363636362
mean,87.23358010432884,78.189445744819,5.709602929726779
