,acc,tpr,fpr
multi-views-expr-4-fold-1,89.7196261682243,86.95652173913044,8.19672131147541
multi-views-expr-4-fold-2,90.09009009009009,83.6734693877551,4.838709677419355
multi-views-expr-4-fold-3,86.40776699029126,76.08695652173913,5.2631578947368425
multi-views-expr-4-fold-4,89.0,90.56603773584905,12.76595744680851
multi-views-expr-4-fold-5,89.1304347826087,83.78378378378379,7.2727272727272725
mean,88.86958360624286,84.2133538336515,7.6674547206334775
