,acc,tpr,fpr
multi-views-contrast-fold-0,80.43478260869566,78.84615384615384,17.5
mean,80.43478260869566,78.84615384615384,17.5
