,acc,tpr,fpr
multi-views-v2-fold-1,85.04672897196262,84.78260869565217,14.754098360655737
multi-views-v2-fold-2,90.990990990991,85.71428571428571,4.838709677419355
multi-views-v2-fold-3,86.40776699029126,82.6086956521739,10.526315789473685
multi-views-v2-fold-4,88.0,88.67924528301887,12.76595744680851
multi-views-v2-fold-5,89.1304347826087,86.48648648648648,9.090909090909092
mean,87.91518434717071,85.65426436632342,10.395198073053276
