,acc,tpr,fpr
nas-model-1-angle-expr-4-fold-1,85.98130841121495,73.91304347826087,4.918032786885246
nas-model-1-angle-expr-4-fold-2,90.09009009009009,89.79591836734694,9.67741935483871
nas-model-1-angle-expr-4-fold-3,86.40776699029126,78.26086956521739,7.017543859649122
nas-model-1-angle-expr-4-fold-4,85.0,81.13207547169812,10.638297872340425
nas-model-1-angle-expr-4-fold-5,92.3913043478261,91.89189189189189,7.2727272727272725
mean,87.97409396788449,82.99875975488303,7.904804229288156
