,acc,tpr,fpr
nas-model-1-angle-expr-3-fold-1,86.91588785046729,73.91304347826087,3.278688524590164
nas-model-1-angle-expr-3-fold-2,84.68468468468468,75.51020408163265,8.064516129032258
nas-model-1-angle-expr-3-fold-3,86.40776699029126,82.6086956521739,10.526315789473685
nas-model-1-angle-expr-3-fold-4,89.0,90.56603773584905,12.76595744680851
nas-model-1-angle-expr-3-fold-5,88.04347826086956,89.1891891891892,12.727272727272727
mean,87.01036355726256,82.35743402742114,9.47255012343547
