,fold,best_acc
0,nas-base-fold-0,83.69565217391305
1,nas-base-fold-1,85.98130841121495
2,nas-base-fold-2,87.38738738738739
3,nas-base-fold-3,87.37864077669903
4,nas-base-fold-4,86.0
5,nas-base-fold-5,86.95652173913044
6,nas-base-fold-6,89.56521739130434
7,nas-base-fold-7,86.66666666666667
8,nas-base-fold-8,89.42307692307692
9,nas-base-fold-9,95.55555555555556
mean,,87.86100270249484
