,acc,tpr,fpr
nas-model-1-batch-8-fold-0,79.34782608695652,75.0,15.0
nas-model-1-batch-8-fold-1,83.17757009345794,76.08695652173913,11.475409836065573
nas-model-1-batch-8-fold-2,82.88288288288288,73.46938775510205,9.67741935483871
nas-model-1-batch-8-fold-3,81.55339805825243,73.91304347826087,12.280701754385966
nas-model-1-batch-8-fold-4,85.0,83.01886792452831,12.76595744680851
nas-model-1-batch-8-fold-5,86.95652173913044,72.97297297297297,3.6363636363636362
nas-model-1-batch-8-fold-6,86.08695652173913,73.80952380952381,6.8493150684931505
mean,83.57216505463134,75.46725035173245,10.240738156707936
