,acc,tpr,fpr
nas-model-1-angle-expr-5-fold-1,86.91588785046729,80.43478260869566,8.19672131147541
nas-model-1-angle-expr-5-fold-2,86.48648648648648,87.75510204081633,14.516129032258064
nas-model-1-angle-expr-5-fold-3,86.40776699029126,82.6086956521739,10.526315789473685
nas-model-1-angle-expr-5-fold-4,86.0,77.35849056603773,4.25531914893617
nas-model-1-angle-expr-5-fold-5,89.1304347826087,78.37837837837837,3.6363636363636362
mean,86.98811522197073,81.3070898492204,8.226169783701392
