,acc,tpr,fpr
nas-model-1-angle-expr-2-fold-1,85.98130841121495,80.43478260869566,9.836065573770492
nas-model-1-angle-expr-2-fold-2,81.08108108108108,59.183673469387756,1.6129032258064515
nas-model-1-angle-expr-2-fold-3,88.3495145631068,84.78260869565217,8.771929824561404
nas-model-1-angle-expr-2-fold-4,84.0,77.35849056603773,8.51063829787234
nas-model-1-angle-expr-2-fold-5,89.1304347826087,81.08108108108108,5.454545454545454
mean,85.7084677676023,76.56812728417088,6.837216475311228
