,acc,tpr,fpr
nas-model-1-angle-expr-4-fold-1,85.98130841121495,73.91304347826087,4.918032786885246
nas-model-1-angle-expr-4-fold-2,90.09009009009009,89.79591836734694,9.67741935483871
nas-model-1-angle-expr-4-fold-3,85.4368932038835,73.91304347826087,5.2631578947368425
mean,87.16943056839618,79.20733510795623,6.619536678820267
