,acc,tpr,fpr
nas-model-1-angle-expr-3-fold-1,86.91588785046729,73.91304347826087,3.278688524590164
nas-model-1-angle-expr-3-fold-2,84.68468468468468,75.51020408163265,8.064516129032258
mean,85.80028626757598,74.71162377994676,5.671602326811211
