,acc,tpr,fpr
nas-model-1-angle-expr-1-fold-1,85.98130841121495,78.26086956521739,8.19672131147541
nas-model-1-angle-expr-1-fold-2,84.68468468468468,83.6734693877551,14.516129032258064
nas-model-1-angle-expr-1-fold-3,87.37864077669903,80.43478260869566,7.017543859649122
nas-model-1-angle-expr-1-fold-4,87.0,88.67924528301887,14.893617021276595
nas-model-1-angle-expr-1-fold-5,89.1304347826087,72.97297297297297,0.0
mean,86.83501373104147,80.804267963532,8.924802244931838
